<?xml version="1.0" encoding="UTF-8"?>
<GenRun Id="impl_1" LaunchPart="xc7a100tcsg324-1" LaunchTime="1590928585">
  <File Type="PA-TCL" Name="Manager.tcl"/>
  <File Type="REPORTS-TCL" Name="Manager_reports.tcl"/>
  <File Type="OPT-DCP" Name="Manager_opt.dcp"/>
  <File Type="OPT-DRC" Name="Manager_drc_opted.rpt"/>
  <File Type="OPT-HWDEF" Name="Manager.hwdef"/>
  <File Type="PWROPT-DCP" Name="Manager_pwropt.dcp"/>
  <File Type="PLACE-DCP" Name="Manager_placed.dcp"/>
  <File Type="PLACE-IO" Name="Manager_io_placed.rpt"/>
  <File Type="PLACE-UTIL" Name="Manager_utilization_placed.rpt"/>
  <File Type="PLACE-UTIL-PB" Name="Manager_utilization_placed.pb"/>
  <File Type="PLACE-CTRL" Name="Manager_control_sets_placed.rpt"/>
  <File Type="PLACE-PRE-SIMILARITY" Name="Manager_incremental_reuse_pre_placed.rpt"/>
  <File Type="POSTPLACE-PWROPT-DCP" Name="Manager_postplace_pwropt.dcp"/>
  <File Type="PHYSOPT-DCP" Name="Manager_physopt.dcp"/>
  <File Type="ROUTE-ERROR-DCP" Name="Manager_routed_error.dcp"/>
  <File Type="ROUTE-DCP" Name="Manager_routed.dcp"/>
  <File Type="ROUTE-BLACKBOX-DCP" Name="Manager_routed_bb.dcp"/>
  <File Type="WBT-USG" Name="usage_statistics_webtalk.html"/>
  <File Type="BG-BIT" Name="Manager.bit"/>
  <File Type="ROUTE-BUS-SKEW" Name="Manager_bus_skew_routed.rpt"/>
  <File Type="BITSTR-MSK" Name="Manager.msk"/>
  <File Type="BITSTR-RBT" Name="Manager.rbt"/>
  <File Type="BITSTR-NKY" Name="Manager.nky"/>
  <File Type="BITSTR-BMM" Name="Manager_bd.bmm"/>
  <File Type="PDI-FILE" Name="Manager.pdi"/>
  <File Type="ROUTE-DRC" Name="Manager_drc_routed.rpt"/>
  <File Type="BITSTR-MMI" Name="Manager.mmi"/>
  <File Type="POSTROUTE-PHYSOPT-DCP" Name="Manager_postroute_physopt.dcp"/>
  <File Type="ROUTE-DRC-PB" Name="Manager_drc_routed.pb"/>
  <File Type="BG-BGN" Name="Manager.bgn"/>
  <File Type="BG-BIN" Name="Manager.bin"/>
  <File Type="RCFI_FILE" Name="Manager.rcfi"/>
  <File Type="RDI-RDI" Name="Manager.vdi"/>
  <File Type="ROUTE-DRC-RPX" Name="Manager_drc_routed.rpx"/>
  <File Type="BG-DRC" Name="Manager.drc"/>
  <File Type="CFI_FILE" Name="Manager.cfi"/>
  <File Type="ROUTE-PWR" Name="Manager_power_routed.rpt"/>
  <File Type="BITSTR-SYSDEF" Name="Manager.sysdef"/>
  <File Type="POSTROUTE-PHYSOPT-BLACKBOX-DCP" Name="Manager_postroute_physopt_bb.dcp"/>
  <File Type="NPI_FILE" Name="Manager.npi"/>
  <File Type="ROUTE-PWR-RPX" Name="Manager_power_routed.rpx"/>
  <File Type="RNPI_FILE" Name="Manager.rnpi"/>
  <File Type="ROUTE-PWR-SUM" Name="Manager_power_summary_routed.pb"/>
  <File Type="BITSTR-LTX" Name="Manager.ltx"/>
  <File Type="RBD_FILE" Name="Manager.rbd"/>
  <File Type="ROUTE-STATUS" Name="Manager_route_status.rpt"/>
  <File Type="ROUTE-BUS-SKEW-RPX" Name="Manager_bus_skew_routed.rpx"/>
  <File Type="ROUTE-BUS-SKEW-PB" Name="Manager_bus_skew_routed.pb"/>
  <File Type="ROUTE-CLK" Name="Manager_clock_utilization_routed.rpt"/>
  <File Type="ROUTE-TIMING-RPX" Name="Manager_timing_summary_routed.rpx"/>
  <File Type="ROUTE-TIMING-PB" Name="Manager_timing_summary_routed.pb"/>
  <File Type="ROUTE-TIMINGSUMMARY" Name="Manager_timing_summary_routed.rpt"/>
  <File Type="ROUTE-STATUS-PB" Name="Manager_route_status.pb"/>
  <File Type="ROUTE-METHODOLOGY-DRC-PB" Name="Manager_methodology_drc_routed.pb"/>
  <File Type="ROUTE-METHODOLOGY-DRC-RPX" Name="Manager_methodology_drc_routed.rpx"/>
  <File Type="ROUTE-METHODOLOGY-DRC" Name="Manager_methodology_drc_routed.rpt"/>
  <FileSet Name="sources" Type="DesignSrcs" RelSrcDir="$PSRCDIR/sources_1">
    <Filter Type="Srcs"/>
    <File Path="$PSRCDIR/sources_1/new/ALU.vhd">
      <FileInfo>
        <Attr Name="ImportPath" Val="$PPRDIR/../../../../Escritorio/MiniMIPS/miniMIPS/miniMIPS.srcs/sources_1/new/ALU.vhd"/>
        <Attr Name="ImportTime" Val="1590776411"/>
        <Attr Name="UsedIn" Val="synthesis"/>
        <Attr Name="UsedIn" Val="simulation"/>
      </FileInfo>
    </File>
    <File Path="$PSRCDIR/sources_1/new/ALUControl.vhd">
      <FileInfo>
        <Attr Name="ImportPath" Val="$PPRDIR/../../../../Escritorio/MiniMIPS/miniMIPS/miniMIPS.srcs/sources_1/new/ALUControl.vhd"/>
        <Attr Name="ImportTime" Val="1590777326"/>
        <Attr Name="UsedIn" Val="synthesis"/>
        <Attr Name="UsedIn" Val="simulation"/>
      </FileInfo>
    </File>
    <File Path="$PSRCDIR/sources_1/new/ControlFSM.vhd">
      <FileInfo>
        <Attr Name="ImportPath" Val="$PPRDIR/../../../../Escritorio/MiniMIPS/miniMIPS/miniMIPS.srcs/sources_1/new/ControlFSM.vhd"/>
        <Attr Name="ImportTime" Val="1590793482"/>
        <Attr Name="UsedIn" Val="synthesis"/>
        <Attr Name="UsedIn" Val="simulation"/>
      </FileInfo>
    </File>
    <File Path="$PSRCDIR/sources_1/new/Display7_Segmentos.vhd">
      <FileInfo>
        <Attr Name="ImportPath" Val="$PPRDIR/../../../../Escritorio/MiniMIPS/miniMIPS/miniMIPS.srcs/sources_1/new/Display7_Segmentos.vhd"/>
        <Attr Name="ImportTime" Val="1590778269"/>
        <Attr Name="UsedIn" Val="synthesis"/>
        <Attr Name="UsedIn" Val="simulation"/>
      </FileInfo>
    </File>
    <File Path="$PSRCDIR/sources_1/new/DivFreq.vhd">
      <FileInfo>
        <Attr Name="ImportPath" Val="$PPRDIR/../../../../Escritorio/MiniMIPS/miniMIPS/miniMIPS.srcs/sources_1/new/DivFreq.vhd"/>
        <Attr Name="ImportTime" Val="1590706599"/>
        <Attr Name="UsedIn" Val="synthesis"/>
        <Attr Name="UsedIn" Val="simulation"/>
      </FileInfo>
    </File>
    <File Path="$PSRCDIR/sources_1/new/InstructionRegister.vhd">
      <FileInfo>
        <Attr Name="ImportPath" Val="$PPRDIR/../../../../Escritorio/MiniMIPS/miniMIPS/miniMIPS.srcs/sources_1/new/InstructionRegister.vhd"/>
        <Attr Name="ImportTime" Val="1590871632"/>
        <Attr Name="UsedIn" Val="synthesis"/>
        <Attr Name="UsedIn" Val="simulation"/>
      </FileInfo>
    </File>
    <File Path="$PSRCDIR/sources_1/new/MIPS.vhd">
      <FileInfo>
        <Attr Name="ImportPath" Val="$PPRDIR/../../../../Escritorio/MiniMIPS/miniMIPS/miniMIPS.srcs/sources_1/new/MIPS.vhd"/>
        <Attr Name="ImportTime" Val="1590869168"/>
        <Attr Name="UsedIn" Val="synthesis"/>
        <Attr Name="UsedIn" Val="simulation"/>
      </FileInfo>
    </File>
    <File Path="$PSRCDIR/sources_1/new/RegParallel.vhd">
      <FileInfo>
        <Attr Name="ImportPath" Val="$PPRDIR/../../../../Escritorio/MiniMIPS/miniMIPS/miniMIPS.srcs/sources_1/new/RegParallel.vhd"/>
        <Attr Name="ImportTime" Val="1590835067"/>
        <Attr Name="UsedIn" Val="synthesis"/>
        <Attr Name="UsedIn" Val="simulation"/>
      </FileInfo>
    </File>
    <File Path="$PSRCDIR/sources_1/new/RegisterFile.vhd">
      <FileInfo>
        <Attr Name="ImportPath" Val="$PPRDIR/../../../../Escritorio/MiniMIPS/miniMIPS/miniMIPS.srcs/sources_1/new/RegisterFile.vhd"/>
        <Attr Name="ImportTime" Val="1590856080"/>
        <Attr Name="UsedIn" Val="synthesis"/>
        <Attr Name="UsedIn" Val="simulation"/>
      </FileInfo>
    </File>
    <File Path="$PSRCDIR/sources_1/new/ShiftL2.vhd">
      <FileInfo>
        <Attr Name="ImportPath" Val="$PPRDIR/../../../../Escritorio/MiniMIPS/miniMIPS/miniMIPS.srcs/sources_1/new/ShiftL2.vhd"/>
        <Attr Name="ImportTime" Val="1590706599"/>
        <Attr Name="UsedIn" Val="synthesis"/>
        <Attr Name="UsedIn" Val="simulation"/>
      </FileInfo>
    </File>
    <File Path="$PSRCDIR/sources_1/new/Manager.vhd">
      <FileInfo>
        <Attr Name="ImportPath" Val="$PPRDIR/../../../../Escritorio/MiniMIPS/miniMIPS/miniMIPS.srcs/sources_1/new/Manager.vhd"/>
        <Attr Name="ImportTime" Val="1590926893"/>
        <Attr Name="UsedIn" Val="synthesis"/>
        <Attr Name="UsedIn" Val="simulation"/>
      </FileInfo>
    </File>
    <File Path="$PSRCDIR/sources_1/imports/assets/Bubblesort.coe">
      <FileInfo>
        <Attr Name="ImportPath" Val="$PPRDIR/../../../../Escritorio/MiniMIPS/assets/Bubblesort.coe"/>
        <Attr Name="ImportTime" Val="1590706599"/>
        <Attr Name="UsedIn" Val="synthesis"/>
        <Attr Name="UsedIn" Val="simulation"/>
      </FileInfo>
    </File>
    <Config>
      <Option Name="DesignMode" Val="RTL"/>
      <Option Name="TopModule" Val="Manager"/>
    </Config>
  </FileSet>
  <FileSet Name="constrs_in" Type="Constrs" RelSrcDir="$PSRCDIR/constrs_1">
    <Filter Type="Constrs"/>
    <File Path="$PSRCDIR/constrs_1/new/Nexys-A7-100T-Master.xdc">
      <FileInfo>
        <Attr Name="ImportPath" Val="$PPRDIR/../../../../Escritorio/MiniMIPS/miniMIPS/miniMIPS.srcs/constrs_1/new/Nexys-A7-100T-Master.xdc"/>
        <Attr Name="ImportTime" Val="1590706599"/>
        <Attr Name="UsedIn" Val="synthesis"/>
        <Attr Name="UsedIn" Val="implementation"/>
      </FileInfo>
    </File>
    <Config>
      <Option Name="ConstrsType" Val="XDC"/>
    </Config>
  </FileSet>
  <FileSet Name="utils" Type="Utils" RelSrcDir="$PSRCDIR/utils_1">
    <Filter Type="Utils"/>
    <Config>
      <Option Name="TopAutoSet" Val="TRUE"/>
    </Config>
  </FileSet>
  <Strategy Version="1" Minor="2">
    <StratHandle Name="Vivado Implementation Defaults" Flow="Vivado Implementation 2019"/>
    <Step Id="init_design"/>
    <Step Id="opt_design"/>
    <Step Id="power_opt_design"/>
    <Step Id="place_design"/>
    <Step Id="post_place_power_opt_design"/>
    <Step Id="phys_opt_design" EnableStepBool="1"/>
    <Step Id="route_design"/>
    <Step Id="post_route_phys_opt_design"/>
    <Step Id="write_bitstream"/>
    <Step Id="write_device_image"/>
  </Strategy>
  <BlockFileSet Type="BlockSrcs" Name="Memory"/>
</GenRun>
