<?xml version="1.0" encoding="UTF-8"?>
<GenRun Id="synth_1" LaunchPart="xc7a100tcsg324-1" LaunchTime="1590928585">
  <File Type="PA-TCL" Name="Manager.tcl"/>
  <File Type="REPORTS-TCL" Name="Manager_reports.tcl"/>
  <File Type="RDS-RDS" Name="Manager.vds"/>
  <File Type="RDS-UTIL" Name="Manager_utilization_synth.rpt"/>
  <File Type="RDS-DCP" Name="Manager.dcp"/>
  <File Type="RDS-UTIL-PB" Name="Manager_utilization_synth.pb"/>
  <FileSet Name="sources" Type="DesignSrcs" RelSrcDir="$PSRCDIR/sources_1">
    <Filter Type="Srcs"/>
    <File Path="$PSRCDIR/sources_1/new/ALU.vhd">
      <FileInfo>
        <Attr Name="ImportPath" Val="$PPRDIR/../../../../Escritorio/MiniMIPS/miniMIPS/miniMIPS.srcs/sources_1/new/ALU.vhd"/>
        <Attr Name="ImportTime" Val="1590776411"/>
        <Attr Name="UsedIn" Val="synthesis"/>
        <Attr Name="UsedIn" Val="simulation"/>
      </FileInfo>
    </File>
    <File Path="$PSRCDIR/sources_1/new/ALUControl.vhd">
      <FileInfo>
        <Attr Name="ImportPath" Val="$PPRDIR/../../../../Escritorio/MiniMIPS/miniMIPS/miniMIPS.srcs/sources_1/new/ALUControl.vhd"/>
        <Attr Name="ImportTime" Val="1590777326"/>
        <Attr Name="UsedIn" Val="synthesis"/>
        <Attr Name="UsedIn" Val="simulation"/>
      </FileInfo>
    </File>
    <File Path="$PSRCDIR/sources_1/new/ControlFSM.vhd">
      <FileInfo>
        <Attr Name="ImportPath" Val="$PPRDIR/../../../../Escritorio/MiniMIPS/miniMIPS/miniMIPS.srcs/sources_1/new/ControlFSM.vhd"/>
        <Attr Name="ImportTime" Val="1590793482"/>
        <Attr Name="UsedIn" Val="synthesis"/>
        <Attr Name="UsedIn" Val="simulation"/>
      </FileInfo>
    </File>
    <File Path="$PSRCDIR/sources_1/new/Display7_Segmentos.vhd">
      <FileInfo>
        <Attr Name="ImportPath" Val="$PPRDIR/../../../../Escritorio/MiniMIPS/miniMIPS/miniMIPS.srcs/sources_1/new/Display7_Segmentos.vhd"/>
        <Attr Name="ImportTime" Val="1590778269"/>
        <Attr Name="UsedIn" Val="synthesis"/>
        <Attr Name="UsedIn" Val="simulation"/>
      </FileInfo>
    </File>
    <File Path="$PSRCDIR/sources_1/new/DivFreq.vhd">
      <FileInfo>
        <Attr Name="ImportPath" Val="$PPRDIR/../../../../Escritorio/MiniMIPS/miniMIPS/miniMIPS.srcs/sources_1/new/DivFreq.vhd"/>
        <Attr Name="ImportTime" Val="1590706599"/>
        <Attr Name="UsedIn" Val="synthesis"/>
        <Attr Name="UsedIn" Val="simulation"/>
      </FileInfo>
    </File>
    <File Path="$PSRCDIR/sources_1/new/InstructionRegister.vhd">
      <FileInfo>
        <Attr Name="ImportPath" Val="$PPRDIR/../../../../Escritorio/MiniMIPS/miniMIPS/miniMIPS.srcs/sources_1/new/InstructionRegister.vhd"/>
        <Attr Name="ImportTime" Val="1590871632"/>
        <Attr Name="UsedIn" Val="synthesis"/>
        <Attr Name="UsedIn" Val="simulation"/>
      </FileInfo>
    </File>
    <File Path="$PSRCDIR/sources_1/new/MIPS.vhd">
      <FileInfo>
        <Attr Name="ImportPath" Val="$PPRDIR/../../../../Escritorio/MiniMIPS/miniMIPS/miniMIPS.srcs/sources_1/new/MIPS.vhd"/>
        <Attr Name="ImportTime" Val="1590869168"/>
        <Attr Name="UsedIn" Val="synthesis"/>
        <Attr Name="UsedIn" Val="simulation"/>
      </FileInfo>
    </File>
    <File Path="$PSRCDIR/sources_1/new/RegParallel.vhd">
      <FileInfo>
        <Attr Name="ImportPath" Val="$PPRDIR/../../../../Escritorio/MiniMIPS/miniMIPS/miniMIPS.srcs/sources_1/new/RegParallel.vhd"/>
        <Attr Name="ImportTime" Val="1590835067"/>
        <Attr Name="UsedIn" Val="synthesis"/>
        <Attr Name="UsedIn" Val="simulation"/>
      </FileInfo>
    </File>
    <File Path="$PSRCDIR/sources_1/new/RegisterFile.vhd">
      <FileInfo>
        <Attr Name="ImportPath" Val="$PPRDIR/../../../../Escritorio/MiniMIPS/miniMIPS/miniMIPS.srcs/sources_1/new/RegisterFile.vhd"/>
        <Attr Name="ImportTime" Val="1590856080"/>
        <Attr Name="UsedIn" Val="synthesis"/>
        <Attr Name="UsedIn" Val="simulation"/>
      </FileInfo>
    </File>
    <File Path="$PSRCDIR/sources_1/new/ShiftL2.vhd">
      <FileInfo>
        <Attr Name="ImportPath" Val="$PPRDIR/../../../../Escritorio/MiniMIPS/miniMIPS/miniMIPS.srcs/sources_1/new/ShiftL2.vhd"/>
        <Attr Name="ImportTime" Val="1590706599"/>
        <Attr Name="UsedIn" Val="synthesis"/>
        <Attr Name="UsedIn" Val="simulation"/>
      </FileInfo>
    </File>
    <File Path="$PSRCDIR/sources_1/new/Manager.vhd">
      <FileInfo>
        <Attr Name="ImportPath" Val="$PPRDIR/../../../../Escritorio/MiniMIPS/miniMIPS/miniMIPS.srcs/sources_1/new/Manager.vhd"/>
        <Attr Name="ImportTime" Val="1590926893"/>
        <Attr Name="UsedIn" Val="synthesis"/>
        <Attr Name="UsedIn" Val="simulation"/>
      </FileInfo>
    </File>
    <File Path="$PSRCDIR/sources_1/imports/assets/Bubblesort.coe">
      <FileInfo>
        <Attr Name="ImportPath" Val="$PPRDIR/../../../../Escritorio/MiniMIPS/assets/Bubblesort.coe"/>
        <Attr Name="ImportTime" Val="1590706599"/>
        <Attr Name="UsedIn" Val="synthesis"/>
        <Attr Name="UsedIn" Val="simulation"/>
      </FileInfo>
    </File>
    <Config>
      <Option Name="DesignMode" Val="RTL"/>
      <Option Name="TopModule" Val="Manager"/>
    </Config>
  </FileSet>
  <FileSet Name="constrs_in" Type="Constrs" RelSrcDir="$PSRCDIR/constrs_1">
    <Filter Type="Constrs"/>
    <File Path="$PSRCDIR/constrs_1/new/Nexys-A7-100T-Master.xdc">
      <FileInfo>
        <Attr Name="ImportPath" Val="$PPRDIR/../../../../Escritorio/MiniMIPS/miniMIPS/miniMIPS.srcs/constrs_1/new/Nexys-A7-100T-Master.xdc"/>
        <Attr Name="ImportTime" Val="1590706599"/>
        <Attr Name="UsedIn" Val="synthesis"/>
        <Attr Name="UsedIn" Val="implementation"/>
      </FileInfo>
    </File>
    <Config>
      <Option Name="ConstrsType" Val="XDC"/>
    </Config>
  </FileSet>
  <FileSet Name="utils" Type="Utils" RelSrcDir="$PSRCDIR/utils_1">
    <Filter Type="Utils"/>
    <Config>
      <Option Name="TopAutoSet" Val="TRUE"/>
    </Config>
  </FileSet>
  <Strategy Version="1" Minor="2">
    <StratHandle Name="Vivado Synthesis Defaults" Flow="Vivado Synthesis 2019"/>
    <Step Id="synth_design"/>
  </Strategy>
  <BlockFileSet Type="BlockSrcs" Name="Memory"/>
</GenRun>
