<?xml version="1.0" encoding="UTF-8"?>
<GenRun Id="Memory_synth_1" LaunchPart="xc7a100tcsg324-1" LaunchTime="1590708140">
  <File Type="RDS-UTIL" Name="Memory_utilization_synth.rpt"/>
  <File Type="RDS-UTIL-PB" Name="Memory_utilization_synth.pb"/>
  <File Type="RDS-RDS" Name="Memory.vds"/>
  <File Type="PA-TCL" Name="Memory.tcl"/>
  <File Type="RDS-DCP" Name="Memory.dcp"/>
  <File Type="REPORTS-TCL" Name="Memory_reports.tcl"/>
  <FileSet Name="sources" Type="BlockSrcs" RelSrcDir="$PSRCDIR/Memory">
    <File Path="$PSRCDIR/sources_1/ip/Memory/Memory.xci">
      <FileInfo>
        <Attr Name="ImportPath" Val="$PPRDIR/../../../../Escritorio/MiniMIPS/miniMIPS/miniMIPS.srcs/sources_1/ip/Memory/Memory.xci"/>
        <Attr Name="ImportTime" Val="1590933482"/>
        <Attr Name="UsedIn" Val="synthesis"/>
        <Attr Name="UsedIn" Val="implementation"/>
        <Attr Name="UsedIn" Val="simulation"/>
      </FileInfo>
    </File>
    <Config>
      <Option Name="TopModule" Val="Memory"/>
      <Option Name="UseBlackboxStub" Val="1"/>
    </Config>
  </FileSet>
  <FileSet Name="constrs_in" Type="BlockSrcs" RelSrcDir="$PSRCDIR/Memory">
    <File Path="$PSRCDIR/sources_1/ip/Memory/Memory.xci">
      <FileInfo>
        <Attr Name="ImportPath" Val="$PPRDIR/../../../../Escritorio/MiniMIPS/miniMIPS/miniMIPS.srcs/sources_1/ip/Memory/Memory.xci"/>
        <Attr Name="ImportTime" Val="1590933482"/>
        <Attr Name="UsedIn" Val="synthesis"/>
        <Attr Name="UsedIn" Val="implementation"/>
        <Attr Name="UsedIn" Val="simulation"/>
      </FileInfo>
    </File>
    <Config>
      <Option Name="TopModule" Val="Memory"/>
      <Option Name="UseBlackboxStub" Val="1"/>
    </Config>
  </FileSet>
  <FileSet Name="utils" Type="Utils" RelSrcDir="$PSRCDIR/utils_1">
    <Filter Type="Utils"/>
    <File Path="$PSRCDIR/utils_1/imports/.logs/SynthLogBackup.tcl">
      <FileInfo>
        <Attr Name="ImportPath" Val="$PPRDIR/../../../../Escritorio/.logs/SynthLogBackup.tcl"/>
        <Attr Name="ImportTime" Val="1581338216"/>
        <Attr Name="UsedIn" Val="synthesis"/>
        <Attr Name="UsedIn" Val="implementation"/>
        <Attr Name="UsedIn" Val="simulation"/>
        <Attr Name="UsedInSteps" Val="synth_1;SYNTH_DESIGN;TCL.POST"/>
      </FileInfo>
    </File>
    <File Path="$PSRCDIR/utils_1/imports/.logs/ImplLogBackup.tcl">
      <FileInfo>
        <Attr Name="ImportPath" Val="$PPRDIR/../../../../Escritorio/.logs/ImplLogBackup.tcl"/>
        <Attr Name="ImportTime" Val="1581338206"/>
        <Attr Name="UsedIn" Val="synthesis"/>
        <Attr Name="UsedIn" Val="implementation"/>
        <Attr Name="UsedIn" Val="simulation"/>
        <Attr Name="UsedInSteps" Val="impl_1;ROUTE_DESIGN;TCL.POST"/>
      </FileInfo>
    </File>
    <File Path="$PSRCDIR/utils_1/imports/.logs/BitsLogBackup.tcl">
      <FileInfo>
        <Attr Name="ImportPath" Val="$PPRDIR/../../../../Escritorio/.logs/BitsLogBackup.tcl"/>
        <Attr Name="ImportTime" Val="1581338197"/>
        <Attr Name="UsedIn" Val="synthesis"/>
        <Attr Name="UsedIn" Val="implementation"/>
        <Attr Name="UsedIn" Val="simulation"/>
        <Attr Name="UsedInSteps" Val="impl_1;WRITE_BITSTREAM;TCL.POST"/>
      </FileInfo>
    </File>
    <Config>
      <Option Name="TopAutoSet" Val="TRUE"/>
    </Config>
  </FileSet>
  <Strategy Version="1" Minor="2">
    <StratHandle Name="Vivado Synthesis Defaults" Flow="Vivado Synthesis 2019"/>
    <Step Id="synth_design"/>
  </Strategy>
</GenRun>
